Title,Link
Đề thi giữa học kì 1 môn Tiếng Anh lớp 9 có đáp án,https://vietjack.me/kiem-tra-thi-thu/de-thi-giua-hoc-ki-1-mon-tieng-anh-lop-9-co-dap-an
Top 5 Đề thi Học kì 1 Tiếng Anh 9 có đáp án,https://vietjack.me/kiem-tra-thi-thu/top-5-de-thi-hoc-ki-1-tieng-anh-9-co-dap-an
Top 5 Đề kiểm tra 15 phút Tiếng Anh 9 Thí điểm Học kì 1 có đáp án,https://vietjack.me/kiem-tra-thi-thu/top-5-de-kiem-tra-15-phut-tieng-anh-9-thi-diem-hoc-ki-1-co-dap-an
Top 5 Đề thi giữa kì 1 Tiếng Anh 9 Thí điểm có đáp án,https://vietjack.me/kiem-tra-thi-thu/top-5-de-thi-giua-ki-1-tieng-anh-9-thi-diem-co-dap-an
Top 5 Đề thi Học kì 1 Tiếng Anh 9 Thí điểm có đáp án,https://vietjack.me/kiem-tra-thi-thu/top-5-de-thi-hoc-ki-1-tieng-anh-9-thi-diem-co-dap-an
Đề thi Học kì 1 Tiếng Anh 9 có đáp án,https://vietjack.me/kiem-tra-thi-thu/de-thi-hoc-ki-1-tieng-anh-9-co-dap-an
Đề thi Tiếng Anh 9 Thí điểm Học kì 1 có đáp án,https://vietjack.me/kiem-tra-thi-thu/de-thi-tieng-anh-9-thi-diem-hoc-ki-1-co-dap-an
Đề thi Tiếng anh mới 9 Giữa kì 1 có đáp án,https://vietjack.me/kiem-tra-thi-thu/de-thi-tieng-anh-moi-9-giua-ki-1-co-dap-an
Đề thi Tiếng anh 9 giữa kì 2 có đáp án,https://vietjack.me/kiem-tra-thi-thu/de-thi-tieng-anh-9-giua-ki-2-co-dap-an
Top 5 Đề thi Học kì 2 Tiếng Anh 9 có đáp án,https://vietjack.me/kiem-tra-thi-thu/top-5-de-thi-hoc-ki-2-tieng-anh-9-co-dap-an
Top 5 Đề kiểm tra 15 phút Tiếng Anh 9 Thí điểm Học kì 2 có đáp án,https://vietjack.me/kiem-tra-thi-thu/top-5-de-kiem-tra-15-phut-tieng-anh-9-thi-diem-hoc-ki-2-co-dap-an
Top 5 Đề thi giữa kì 2 Tiếng Anh 9 Thí điểm có đáp án,https://vietjack.me/kiem-tra-thi-thu/top-5-de-thi-giua-ki-2-tieng-anh-9-thi-diem-co-dap-an
Top 5 Đề thi Học kì 2 Tiếng Anh 9 Thí điểm có đáp án,https://vietjack.me/kiem-tra-thi-thu/top-5-de-thi-hoc-ki-2-tieng-anh-9-thi-diem-co-dap-an
Đề thi Học kì 2 Tiếng Anh 9 có đáp án,https://vietjack.me/kiem-tra-thi-thu/de-thi-hoc-ki-2-tieng-anh-9-co-dap-an
Đề thi Tiếng Anh 9 Thí điểm Học kì 2 có đáp án,https://vietjack.me/kiem-tra-thi-thu/de-thi-tieng-anh-9-thi-diem-hoc-ki-2-co-dap-an-de-1
Đề thi vào lớp 10 môn Tiếng Anh Hà Nội có đáp án,https://vietjack.me/kiem-tra-thi-thu/de-thi-vao-lop-10-mon-tieng-anh-ha-noi-co-dap-an
Đề thi vào lớp 10 môn Tiếng Anh TP.HCM có đáp án,https://vietjack.me/kiem-tra-thi-thu/de-thi-vao-lop-10-mon-tieng-anh-tphcm-co-dap-an
Đề thi vào lớp 10 môn Tiếng Anh Đà Nẵng có đáp án,https://vietjack.me/kiem-tra-thi-thu/de-thi-vao-lop-10-mon-tieng-anh-da-nang-co-dap-an
Top 20 Đề thi vào lớp 10 môn Tiếng Anh 2020 cực hay có đáp án,https://vietjack.me/kiem-tra-thi-thu/top-20-de-thi-vao-lop-10-mon-tieng-anh-2020-cuc-hay-co-dap-an
Trắc nghiệm Tiếng Anh 9 mới Unit 8 Phonetics and Speaking có đáp án,https://vietjack.me/kiem-tra-thi-thu/trac-nghiem-tieng-anh-9-moi-unit-8-phonetics-and-speaking-co-dap-an
Trắc nghiệm Tiếng Anh 9 mới Unit 8 Vocabulary and Grammar có đáp án,https://vietjack.me/kiem-tra-thi-thu/trac-nghiem-tieng-anh-9-moi-unit-8-vocabulary-and-grammar-co-dap-an
Trắc nghiệm Tiếng Anh 9 mới Unit 8 Reading có đáp án,https://vietjack.me/kiem-tra-thi-thu/trac-nghiem-tieng-anh-9-moi-unit-8-reading-co-dap-an
Trắc nghiệm Tiếng Anh 9 mới Unit 8 Writing có đáp án,https://vietjack.me/kiem-tra-thi-thu/trac-nghiem-tieng-anh-9-moi-unit-8-writing-co-dap-an
Trắc nghiệm Tiếng Anh 9 mới Unit 12 Phonetics and Speaking có đáp án,https://vietjack.me/kiem-tra-thi-thu/trac-nghiem-tieng-anh-9-moi-unit-12-phonetics-and-speaking-co-dap-an
Trắc nghiệm Tiếng Anh 9 mới Unit 12 Vocabulary and Grammar có đáp án,https://vietjack.me/kiem-tra-thi-thu/trac-nghiem-tieng-anh-9-moi-unit-12-vocabulary-and-grammar-co-dap-an
Trắc nghiệm Tiếng Anh 9 mới Unit 12 Reading có đáp án,https://vietjack.me/kiem-tra-thi-thu/trac-nghiem-tieng-anh-9-moi-unit-12-reading-co-dap-an
Trắc nghiệm Tiếng Anh 9 mới Unit 12 Writing có đáp án,https://vietjack.me/kiem-tra-thi-thu/trac-nghiem-tieng-anh-9-moi-unit-12-writing-co-dap-an1
Trắc nghiệm Tiếng Anh 9 mới Unit 11 Phonetics and Speaking có đáp án,https://vietjack.me/kiem-tra-thi-thu/trac-nghiem-tieng-anh-9-moi-unit-11-phonetics-and-speaking-co-dap-an
Trắc nghiệm Tiếng Anh 9 mới Unit 11 Vocabulary and Grammar có đáp án,https://vietjack.me/kiem-tra-thi-thu/trac-nghiem-tieng-anh-9-moi-unit-11-vocabulary-and-grammar-co-dap-an
Trắc nghiệm Tiếng Anh 9 mới Unit 11 Reading có đáp án,https://vietjack.me/kiem-tra-thi-thu/trac-nghiem-tieng-anh-9-moi-unit-11-reading-co-dap-an
Trắc nghiệm Tiếng Anh 9 mới Unit 11 Writing có đáp án,https://vietjack.me/kiem-tra-thi-thu/trac-nghiem-tieng-anh-9-moi-unit-11-writing-co-dap-an
Trắc nghiệm Tiếng Anh 9 mới Unit 10 Phonetics and Speaking có đáp án,https://vietjack.me/kiem-tra-thi-thu/trac-nghiem-tieng-anh-9-moi-unit-10-phonetics-and-speaking-co-dap-an
Trắc nghiệm Tiếng Anh 9 mới Unit 10 Vocabulary and Grammar có đáp án,https://vietjack.me/kiem-tra-thi-thu/trac-nghiem-tieng-anh-9-moi-unit-10-vocabulary-and-grammar-co-dap-an
Trắc nghiệm Tiếng Anh 9 mới Unit 10 Reading có đáp án,https://vietjack.me/kiem-tra-thi-thu/trac-nghiem-tieng-anh-9-moi-unit-10-reading-co-dap-an
Trắc nghiệm Tiếng Anh 9 mới Unit 10 Writing có đáp án,https://vietjack.me/kiem-tra-thi-thu/trac-nghiem-tieng-anh-9-moi-unit-10-writing-co-dap-an
Trắc nghiệm Tiếng Anh 9 mới Unit 9 Phonetics and Speaking có đáp án,https://vietjack.me/kiem-tra-thi-thu/trac-nghiem-tieng-anh-9-moi-unit-9-phonetics-and-speaking-co-dap-an
Trắc nghiệm Tiếng Anh 9 Unit 9 Vocabulary and Grammar có đáp án,https://vietjack.me/kiem-tra-thi-thu/trac-nghiem-tieng-anh-9-unit-9-vocabulary-and-grammar-co-dap-an
Bài tập trắc nghiệm Tiếng Anh 9 mới Unit 9 (có đáp án): Reading,https://vietjack.me/kiem-tra-thi-thu/bai-tap-trac-nghiem-tieng-anh-9-moi-unit-9-co-dap-an-reading
Trắc nghiệm Tiếng Anh 9 mới Unit 9 Writing có đáp án,https://vietjack.me/kiem-tra-thi-thu/trac-nghiem-tieng-anh-9-moi-unit-9-writing-co-dap-an
Trắc nghiệm Tiếng Anh 9 mới Unit 7 Phonetics and Speaking có đáp án,https://vietjack.me/kiem-tra-thi-thu/trac-nghiem-tieng-anh-9-moi-unit-7-phonetics-and-speaking-co-dap-an
Trắc nghiệm Tiếng Anh 9 mới Unit 7 Vocabulary and Grammar có đáp án,https://vietjack.me/kiem-tra-thi-thu/trac-nghiem-tieng-anh-9-moi-unit-7-vocabulary-and-grammar-co-dap-an
Trắc nghiệm Tiếng Anh 9 mới Unit 7 Reading có đáp án,https://vietjack.me/kiem-tra-thi-thu/trac-nghiem-tieng-anh-9-moi-unit-7-reading-co-dap-an
Trắc nghiệm Tiếng Anh 9 mới Unit 7 Writing có đáp án,https://vietjack.me/kiem-tra-thi-thu/trac-nghiem-tieng-anh-9-moi-unit-7-writing-co-dap-an
Trắc nghiệm Tiếng Anh 9 mới Unit 6 Phonetics and Speaking có đáp án,https://vietjack.me/kiem-tra-thi-thu/trac-nghiem-tieng-anh-9-moi-unit-6-phonetics-and-speaking-co-dap-an
Trắc nghiệm Tiếng Anh 9 mới Unit 6 Vocabulary and Grammar có đáp án,https://vietjack.me/kiem-tra-thi-thu/trac-nghiem-tieng-anh-9-moi-unit-6-vocabulary-and-grammar-co-dap-an
Trắc nghiệm Tiếng Anh 9 mới Unit 6 Reading có đáp án,https://vietjack.me/kiem-tra-thi-thu/trac-nghiem-tieng-anh-9-moi-unit-6-reading-co-dap-an
Trắc nghiệm Tiếng Anh 9 mới Unit 6 Writing có đáp án,https://vietjack.me/kiem-tra-thi-thu/trac-nghiem-tieng-anh-9-moi-unit-6-writing-co-dap-an
Trắc nghiệm Tiếng Anh 9 mới Unit 5 Phonetics and Speaking có đáp án,https://vietjack.me/kiem-tra-thi-thu/trac-nghiem-tieng-anh-9-moi-unit-5-phonetics-and-speaking-co-dap-an
Trắc nghiệm Tiếng Anh 9 mới Unit 5 Vocabulary and Grammar có đáp án,https://vietjack.me/kiem-tra-thi-thu/trac-nghiem-tieng-anh-9-moi-unit-5-vocabulary-and-grammar-co-dap-an
Trắc nghiệm Tiếng Anh 9 mới Unit 5 Reading có đáp án,https://vietjack.me/kiem-tra-thi-thu/trac-nghiem-tieng-anh-9-moi-unit-5-reading-co-dap-an
Trắc nghiệm Tiếng Anh 9 mới Unit 5 Writing có đáp án,https://vietjack.me/kiem-tra-thi-thu/trac-nghiem-tieng-anh-9-moi-unit-5-writing-co-dap-an
Trắc nghiệm Tiếng Anh 9 mới Unit 4 Phonetics and Speaking có đáp án,https://vietjack.me/kiem-tra-thi-thu/trac-nghiem-tieng-anh-9-moi-unit-4-phonetics-and-speaking-co-dap-an
Trắc nghiệm Tiếng Anh 9 mới Unit 4 Vocabulary and Grammar có đáp án,https://vietjack.me/kiem-tra-thi-thu/trac-nghiem-tieng-anh-9-moi-unit-4-vocabulary-and-grammar-co-dap-an
Trắc nghiệm Tiếng Anh 9 mới Unit 4 Reading có đáp án,https://vietjack.me/kiem-tra-thi-thu/trac-nghiem-tieng-anh-9-moi-unit-4-reading-co-dap-an
Trắc nghiệm Tiếng Anh 9 Unit 4 Writing có đáp án,https://vietjack.me/kiem-tra-thi-thu/trac-nghiem-tieng-anh-9-unit-4-writing-co-dap-an
Trắc nghiệm Tiếng Anh 9 mới Unit 3 Phonetics and Speaking có đáp án,https://vietjack.me/kiem-tra-thi-thu/trac-nghiem-tieng-anh-9-moi-unit-3-phonetics-and-speaking-co-dap-an
Trắc nghiệm Tiếng Anh 9 mới Unit 3 Vocabulary and Grammar có đáp án,https://vietjack.me/kiem-tra-thi-thu/trac-nghiem-tieng-anh-9-moi-unit-3-vocabulary-and-grammar-co-dap-an
Trắc nghiệm Tiếng Anh 9 mới Unit 3 Reading có đáp án,https://vietjack.me/kiem-tra-thi-thu/trac-nghiem-tieng-anh-9-moi-unit-3-reading-co-dap-an
Trắc nghiệm Tiếng Anh 9 mới Unit 3 Writing có đáp án,https://vietjack.me/kiem-tra-thi-thu/trac-nghiem-tieng-anh-9-moi-unit-3-writing-co-dap-an
Trắc nghiệm Tiếng Anh 9 mới Unit 2 Phonetics and Speaking có đáp án,https://vietjack.me/kiem-tra-thi-thu/trac-nghiem-tieng-anh-9-moi-unit-2-phonetics-and-speaking-co-dap-an
Trắc nghiệm Tiếng Anh 9 mới Unit 2 Vocabulary and Grammar có đáp án,https://vietjack.me/kiem-tra-thi-thu/trac-nghiem-tieng-anh-9-moi-unit-2-vocabulary-and-grammar-co-dap-an
Trắc nghiệm Tiếng Anh 9 mới Unit 2 Reading có đáp án,https://vietjack.me/kiem-tra-thi-thu/trac-nghiem-tieng-anh-9-moi-unit-2-reading-co-dap-an
Trắc nghiệm Tiếng Anh 9 mới Unit 2 Writing có đáp án,https://vietjack.me/kiem-tra-thi-thu/trac-nghiem-tieng-anh-9-moi-unit-2-writing-co-dap-an
Phonetics and Speaking,https://vietjack.me/kiem-tra-thi-thu/phonetics-and-speaking
Vocabulary and Grammar,https://vietjack.me/kiem-tra-thi-thu/vocabulary-and-grammar
Reading,https://vietjack.me/kiem-tra-thi-thu/reading
Writing,https://vietjack.me/kiem-tra-thi-thu/writing
