id,question,answer,mean_sim,max_sim,min_sim,std_sim,range_sim
1,Từ Văn_hoá trong văn_bản Phong_cách Hồ_Chí_Minh được hiểu,Học_vấn,0.885360062122345,0.9529826045036316,0.7537933588027954,0.09304383397102356,0.19918924570083618
2,Ý nào nói lên việc tiếp_thu có chọn_lọc tinh_hoa văn_hoá nước_ngoài của Hồ_Chí_Minh không được nêu trong bài viết,Luôn_luôn đề_cao bản_sắc văn_hoá của dân_tộc,0.8916252255439758,0.9041515588760376,0.8822953701019287,0.009204556234180927,0.021856188774108887
3,Vấn_đề chủ_yếu được nói tới trong văn_bản Phong_cách Hồ_Chí_Minh là gì,Phong_cách làm_việc và nếp sống của Chủ_tịch Hồ_Chí_Minh,0.9191593527793884,0.9250386953353882,0.911630392074585,0.005596818868070841,0.013408303260803223
4,Theo tác_giả quan_niệm thẩm_mĩ về cuộc_sống của Chủ_tịch Hồ_Chí_Minh là gì,Cái đẹp là sự giản_dị tự_nhiên thanh_cao,0.8048878312110901,0.8275036811828613,0.7852839231491089,0.017367223277688026,0.04221975803375244
5,Từ nào sau đây trái_nghĩa với truân_chuyên,Nhàn_nhã,0.7600305676460266,0.8030585050582886,0.7300614714622498,0.031198719516396523,0.07299703359603882
6,Trong đoạn văn sau tác_giả đã sử_dụng biện_pháp nghệ_thuật gì để làm nổi_bật phong_cách của Hồ_Chí_Minh Nếp sống giản_dị và thanh_đạm của Bác_Hồ cũng như các vị danh_nho xưa hoàn_toàn không phải là một_cách tự thần_thánh_hoá tự làm cho khác đời hơn đời mà đây là lối sống thanh_cao một_cách di_dưỡng tinh_thần một quan_niệm thẩm_mĩ về cuộc_sống có khả_năng đem lại hạnh_phúc thanh_cao cho tâm_hồn và thể_xác,Sử_dụng phép tăng_tiến,0.9172732830047607,0.9262940883636475,0.9012975692749023,0.011327975429594517,0.024996519088745117
7,Chủ_tịch Hồ_Chí_Minh được UNESCO công_nhận là,Danh_nhân văn_hoá thế_giới,0.9063674807548523,0.907680869102478,0.9050540924072266,0.0013133883476257324,0.002626776695251465
8,Em hiểu từ phong_cách trong Phong_cách Hồ_Chí_Minh có nghĩa là gì,Lối sống cung_cách sinh_hoạt làm_việc hoạt_động ứng_xử tạo nên cái riêng của một người nào đó,0.7797444462776184,0.8404831886291504,0.7227824926376343,0.048125267028808594,0.11770069599151611
9,Đoạn văn sau được viết theo phương_thức biểu_đạt chính nào Trong cuộc_đời đầy truân_chuyên của mình Chủ_tịch Hồ_Chí_Minh đã tiếp_xúc với văn_hoá nhiều nước nhiều vùng trên thế_giới cả ở phương Đông và phương Tây_Trên những con tàu vượt trùng_dương Người đã ghé lại nhiều hải_cảng đã thăm các nước châu_Phi châu_Á_châu Mĩ_Người đã từng sống dài ngày ở Pháp ở Anh Người nói và viết thạo nhiều thứ tiếng ngoại_quốc Pháp Anh_Hoa Nga và Người đã làm nhiều nghề,Thuyết_minh,0.9625943303108215,0.9860034584999084,0.9466129541397095,0.01691710203886032,0.039390504360198975
10,Phong_cách sống của Hồ_Chí_Minh được tác_giả so_sánh với những_ai,Các danh_nho Việt_Nam thời xưa Nguyễn_Bỉnh_Khiêm_Nguyễn Trãi,0.830062210559845,0.8829883337020874,0.7731361389160156,0.04493607580661774,0.10985219478607178
11,Hồ_Chí_Minh đã tiếp_thu giá_trị của những nền văn_hoá nào,Phương_Đông_Phương_Tây,0.7893252372741699,0.8424234390258789,0.7563090324401855,0.037915587425231934,0.08611440658569336
12,Ý nào sau đây không đúng khi nói về văn_bản Phong_cách Hồ_Chí_Minh,Thuộc thể_loại văn_bản thuyết_minh,0.8719390034675598,0.9084620475769043,0.8238842487335205,0.03547850251197815,0.08457779884338379
13,Theo em cụm_từ quan_niệm thẩm_mĩ trong câu Nếp sống giản_dị và thanh_đạm của Bác_Hồ là một quan_niệm thẩm_mĩ về cuộc_sống có nghĩa là gì,Quan_niệm về cái đẹp,0.9748818278312683,0.9811944961547852,0.971150279045105,0.004488404840230942,0.010044217109680176
14,Phương_thức biểu_đạt chính trong văn_bản phong_cách Hồ_Chí_Minh là,Tự_sự kết_hợp với thuyết_minh,0.9050773978233337,0.928696870803833,0.8781263828277588,0.020779283717274666,0.05057048797607422
15,Vấn_đề chủ_yếu được nói đến trong Văn_bản phong_cách Hồ_Chí_Minh là,Phong_cách làm_việc và nếp sống của chủ_tịch Hồ_Chí_Minh,0.8892273902893066,0.9498651623725891,0.775286078453064,0.08062426745891571,0.17457908391952515
16,Trong bài viết tác_giả cho rằng Nếp sống giản_dị và thanh_đạm của Bác_Hồ là một quan_niệm thẩm_mĩ về cuộc_sống Theo em cụm_từ quan_niệm thẩm_mĩ là gì,Quan_niệm về cái đẹp,0.9108981490135193,0.9854211211204529,0.8561739921569824,0.054590608924627304,0.12924712896347046
18,Trong các từ sau từ nào không phải là từ Hán_Việt,Vua,0.7689955234527588,0.8886474370956421,0.7071752548217773,0.0846223309636116,0.18147218227386475
19,Trong đoạn văn sau tác_giả sử_dụng biện_pháp nghệ_thuật gì để làm nổi_bật phong_cách Hồ_Chí_Minh Nếp sống giản_dị và thanh_đạm của Bác_Hồ cũng như các vị danh_nho xưa hoàn_toàn không phải cách tự thần_thánh_hoá tự làm cho khác đời hơn đời mà đây là một lối sống thanh_cao một_cách di_dưỡng tinh_thần một quan_niệm về thẩm_mĩ cuộc_sống có khả_năng đem lại hạnh_phúc thanh_cao cho tâm_hồn và thể_xác,Sử_dụng phép tăng_tiến,0.9221256375312805,0.9496734142303467,0.8704204559326172,0.03658730164170265,0.07925295829772949
20,Lối sống của Bác là sự kết_hợp giữa giản_dị và thanh_cao vì sao,Cả 3 đáp_án trên,0.5085961818695068,0.5331023335456848,0.46496137976646423,0.03093247301876545,0.06814095377922058
21,Trong quá_trình tiếp_thu tinh_hoa văn_hoá nước_ngoài Người tiếp_thu một_cách có chọn_lọc không ảnh_hưởng thụ_động biết tiếp_thu cái hay cái đẹp phê_phán hạn_chế tiêu_cực đúng hay sai,Đúng,0.9578888416290283,0.9578888416290283,0.9578888416290283,0.0,0.0
22,Chọn từ thích_hợp để điền vào chỗ trống Đó là cách sống giản_dị đạm_bạc nhưng rất của Hồ_Chí_Minh,Thanh_cao,0.815100371837616,0.8717803955078125,0.7778152823448181,0.04073888808488846,0.09396511316299438
23,Tác_giả của bài Phong_cách Hồ_Chí_Minh là ai,Lê_Anh_Trà,0.91815185546875,0.9263517260551453,0.9058024287223816,0.008887557312846184,0.020549297332763672
24,Phong_cách của Hồ_Chí_Minh là sự kết_hợp giữa,Cả ba đáp_án trên,0.5921621918678284,0.5940645933151245,0.5901318788528442,0.0016080680070444942,0.0039327144622802734
25,Vì sao Hồ_Chủ_tịch lại có vốn văn_hoá sâu_rộng,Cả 3 đáp_án trên,0.4298921525478363,0.4611942172050476,0.40092504024505615,0.024660121649503708,0.060269176959991455
26,Văn_bản này thuộc thể_loại nào,Nhật_dụng sử_dụng yếu_tố nghị_luận,0.7377235293388367,0.751097559928894,0.7304989695549011,0.009467021562159061,0.02059859037399292
27,Lối sống rất bình_dị rất Việt_Nam rất phương Đông của Bác được thể_hiện như_thế_nào,Cả 3 đáp_án trên,0.6614258885383606,0.6804021596908569,0.6297529935836792,0.022542359307408333,0.050649166107177734
28,Phong_cách của Hồ_Chí_Minh là sự kết_hợp giữa,Dân_tộc và nhân_loại,0.7954168319702148,0.9135433435440063,0.5901318788528442,0.145707905292511,0.3234114646911621
29,Tác_giả của bài Phong_cách Hồ_Chí_Minh là ai,Lê_Duẩn,0.9129071235656738,0.9363284111022949,0.8965905904769897,0.01698295958340168,0.039737820625305176
30,Vấn_đề chủ_yếu được tác_giả nói tới trong văn_bản Phong_cách Hồ_Chí_Minh là gì,Tình_cảm của người_dân Việt_Nam đối_với Chủ_tịch Hồ_Chí_Minh,0.9059176445007324,0.9200162887573242,0.8904950618743896,0.012088295072317123,0.02952122688293457
31,Văn_bản này thuộc thể_loại nào,Hồi_ký,0.7320392727851868,0.828779399394989,0.6324642896652222,0.08017037063837051,0.19631510972976685
32,Chọn từ thích_hợp để điền vào chỗ trống Đó là cách sống giản_dị đạm_bạc nhưng rất của Hồ_Chí_Minh,Thanh_cao,0.815100371837616,0.8717803955078125,0.7778152823448181,0.04073888808488846,0.09396511316299438
33,Em hiểu từ phong_cách trong phong_cách Hồ_Chí_Minh có nghĩa là gì,Dạng ngôn_ngữ sử_dụng theo yêu_cầu chức_năng điển_hình nào đó khác với những dạng khác về đặc_điểm từ_vựng ngữ_âm ngữ_pháp,0.7468748688697815,0.834915816783905,0.6278705596923828,0.08731545507907867,0.20704525709152222
34,Để làm nổi_bật lối sống rất giản_dị của Hồ_Chí_Minh tác_giả đã sử_dụng phương_thức lập_luận nào,Giải_thích,0.9828465580940247,0.9875512719154358,0.9784404635429382,0.003725462593138218,0.009110808372497559
35,Trong bài viết tác_giả cho rằng Nếp sống giản_dị và thanh_đạm của Bác_Hồ là một quan_niệm thẩm_mĩ về cuộc_sống Theo em cụm_từ quan_niệm thẩm_mĩ là gì,Quan_niệm về cái đẹp,0.9108981490135193,0.9854211211204529,0.8561739921569824,0.054590608924627304,0.12924712896347046
36,Trong bài viết để làm nổi_bật vẻ đẹp của phong_cách Hồ_Chí_Minh tác_giả không sử_dụng biện_pháp nghệ_thuật nào,Sử_dụng phép nói quá,0.7527148723602295,0.8955527544021606,0.6732947826385498,0.10121269524097443,0.22225797176361084
37,Văn_bản Phong_cách Hồ_Chí_Minh sử_dụng phương_thức biểu_đạt chính là gì,Nghị_luận,0.8095254302024841,0.9137755632400513,0.7552293539047241,0.07373730093240738,0.15854620933532715
38,Để viết mở bài phân_tích văn_bản Phong_cách Hồ_Chí_Minh cần đảm_bảo ý nào sau đây,Giới_thiệu về phong_cách sống,0.888277530670166,0.9263960719108582,0.8311310410499573,0.041153401136398315,0.09526503086090088
39,Vì sao Hồ_Chủ_tịch lại có vốn văn_hoá sâu_rộng,Tìm_hiểu văn_hoá nghệ_thuật của khu_vực khác nhau trên thế_giới một_cách sâu_sắc uyên_thâm,0.6901790499687195,0.8222024440765381,0.42755722999572754,0.18570256233215332,0.39464521408081055
41,Ý nào nói đúng nhất những phương_diện thể_hiện lối sống giản_dị của chủ_tịch Hồ_Chí_Minh,Ăn_uống và nơi ở,0.4828368127346039,0.6010628342628479,0.40581014752388,0.08486830443143845,0.1952526867389679
42,Trong bài viết Phong_cách Hồ_Chí_Minh tác_giả so_sánh lối sống của Bác_Hồ với lối sống của những_ai,Các danh_nho Trung_Quốc thời xưa,0.8806220889091492,0.9793114066123962,0.7891648411750793,0.07779527455568314,0.1901465654373169
43,Lối sống của Bác là sự kết_hợp giữa giản_dị và thanh_cao vì sao,Vẻ đẹp tâm_hồn Người mạnh_mẽ song cũng rất lãng_mạn,0.7344880104064941,0.8415824174880981,0.5331023335456848,0.14249707758426666,0.30848008394241333
44,Trong đoạn văn sau tác_giả sử_dụng biện_pháp nghệ_thuật gì để làm nổi_bật phong_cách Hồ_Chí_Minh Nếp sống giản_dị và thanh_đạm của Bác_Hồ cũng như các vị danh_nho xưa hoàn_toàn không phải cách tự thần_thánh_hoá tự làm cho khác đời hơn đời mà đây là một lối sống thanh_cao một_cách di_dưỡng tinh_thần một quan_niệm về thẩm_mĩ cuộc_sống có khả_năng đem lại hạnh_phúc thanh_cao cho tâm_hồn và thể_xác,Sử_dụng phép đối_lập,0.8710711598396301,0.8846687078475952,0.8581244349479675,0.010846419259905815,0.026544272899627686
45,Bài_học rút ra từ phẩm_chất của Bác qua văn_bản Phong_cách Hồ_Chí_Minh là gì,Đức_tính tiết_kiệm,0.8922036290168762,0.9046093225479126,0.8820911645889282,0.009334912523627281,0.022518157958984375
46,Tại_sao tác_giả lại gọi Bác là một nhân_cách rất Việt_Nam,Vì Bác là một người_yêu nước vĩ_đại,0.9392955303192139,0.9498650431632996,0.9227786064147949,0.011830671690404415,0.02708643674850464
47,Đọc đoạn trích sau và trả_lời câu hỏi Và Người sống ở đó một_mình với một tư_trang ít_ỏi một chiếc va_li con với vài bộ áo_quần vài vật kỉ_niệm của cuộc_đời dài Tôi dám chắc không có một vị lãnh_tụ một vị tổng_thống hay một vị vua hiền nào ngày trước lại sống đến mức giản_dị và tiết_chế như_vậy Bất_giác ta nghĩ đến các vị hiền_triết ngày_xưa như Nguyễn_Trãi ở Côn_Sơn hay Nguyễn_Bỉnh_Khiêm sống ở quê nhà với những thú quê thuần đức Thu ăn măng trúc đông ăn_giá Xuân tắm hồ_sen hạ tắm ao Nếp sống giản_dị và thanh_đạm của Bác_Hồ cũng như các vị danh_nho xưa hoàn_toàn không phải là một_cách tự thần_thánh_hoá tự làm cho khác đời hơn đời mà đây là lối sống thanh_cao một_cách di_dưỡng tinh_thần một quan_niệm thẩm_mĩ về cuộc_sống có khả_năng đem lại hạnh_phúc thanh_cao cho tâm_hồn và thể_xác SGK Ngữ_văn 9 tập một Xác_định phương_thức biểu_đạt chính được sử_dụng trong đoạn_văn trên,Nghị_luận,0.8919463157653809,0.9947420954704285,0.6892079710960388,0.143362358212471,0.30553412437438965
48,Đọc đoạn trích sau và trả_lời câu hỏi Và Người sống ở đó một_mình với một tư_trang ít_ỏi một chiếc va_li con với vài bộ áo_quần vài vật kỉ_niệm của cuộc_đời dài Tôi dám chắc không có một vị lãnh_tụ một vị tổng_thống hay một vị vua hiền nào ngày trước lại sống đến mức giản_dị và tiết_chế như_vậy Bất_giác ta nghĩ đến các vị hiền_triết ngày_xưa như Nguyễn_Trãi ở Côn_Sơn hay Nguyễn_Bỉnh_Khiêm sống ở quê nhà với những thú quê thuần đức Thu ăn măng trúc đông ăn_giá Xuân tắm hồ_sen hạ tắm ao Nếp sống giản_dị và thanh_đạm của Bác_Hồ cũng như các vị danh_nho xưa hoàn_toàn không phải là một_cách tự thần_thánh_hoá tự làm cho khác đời hơn đời mà đây là lối sống thanh_cao một_cách di_dưỡng tinh_thần một quan_niệm thẩm_mĩ về cuộc_sống có khả_năng đem lại hạnh_phúc thanh_cao cho tâm_hồn và thể_xác SGK Ngữ_văn 9 tập một Đoạn trích trên được trích trong văn_bản của tác_giả nào,Lê_Anh_Trà,0.9668517112731934,0.9742634296417236,0.9587815403938293,0.0063375807367265224,0.015481889247894287
49,Đọc đoạn trích sau và trả_lời câu hỏi Và Người sống ở đó một_mình với một tư_trang ít_ỏi một chiếc va_li con với vài bộ áo_quần vài vật kỉ_niệm của cuộc_đời dài Tôi dám chắc không có một vị lãnh_tụ một vị tổng_thống hay một vị vua hiền nào ngày trước lại sống đến mức giản_dị và tiết_chế như_vậy Bất_giác ta nghĩ đến các vị hiền_triết ngày_xưa như Nguyễn_Trãi ở Côn_Sơn hay Nguyễn_Bỉnh_Khiêm sống ở quê nhà với những thú quê thuần đức Thu ăn măng trúc đông ăn_giá Xuân tắm hồ_sen hạ tắm ao Nếp sống giản_dị và thanh_đạm của Bác_Hồ cũng như các vị danh_nho xưa hoàn_toàn không phải là một_cách tự thần_thánh_hoá tự làm cho khác đời hơn đời mà đây là lối sống thanh_cao một_cách di_dưỡng tinh_thần một quan_niệm thẩm_mĩ về cuộc_sống có khả_năng đem lại hạnh_phúc thanh_cao cho tâm_hồn và thể_xác SGK Ngữ_văn 9 tập một Cụm_từ di_dưỡng tinh_thần trong đoạn trích được hiểu là,Di_chuyển đến nhiều nơi để tinh_thần sảng_khoái,0.9551140666007996,0.9570592045783997,0.9535775780677795,0.0014504484133794904,0.003481626510620117
50,Đọc đoạn trích sau và trả_lời câu hỏi Và Người sống ở đó một_mình với một tư_trang ít_ỏi một chiếc va_li con với vài bộ áo_quần vài vật kỉ_niệm của cuộc_đời dài Tôi dám chắc không có một vị lãnh_tụ một vị tổng_thống hay một vị vua hiền nào ngày trước lại sống đến mức giản_dị và tiết_chế như_vậy Bất_giác ta nghĩ đến các vị hiền_triết ngày_xưa như Nguyễn_Trãi ở Côn_Sơn hay Nguyễn_Bỉnh_Khiêm sống ở quê nhà với những thú quê thuần đức Thu ăn măng trúc đông ăn_giá Xuân tắm hồ_sen hạ tắm ao Nếp sống giản_dị và thanh_đạm của Bác_Hồ cũng như các vị danh_nho xưa hoàn_toàn không phải là một_cách tự thần_thánh_hoá tự làm cho khác đời hơn đời mà đây là lối sống thanh_cao một_cách di_dưỡng tinh_thần một quan_niệm thẩm_mĩ về cuộc_sống có khả_năng đem lại hạnh_phúc thanh_cao cho tâm_hồn và thể_xác SGK Ngữ_văn 9 tập một Điểm giống nhau giữa Chủ_Tịch Hồ_Chí_Minh với Nguyễn_Trãi Nguyễn_Bỉnh Khiêm được nhắc trong văn_bản là,Đều thích ở_ẩn không màng danh_lợi,0.9581025242805481,0.9638542532920837,0.9483687877655029,0.00692060636356473,0.01548546552658081
51,Đọc đoạn trích sau và trả_lời câu hỏi Và Người sống ở đó một_mình với một tư_trang ít_ỏi một chiếc va_li con với vài bộ áo_quần vài vật kỉ_niệm của cuộc_đời dài Tôi dám chắc không có một vị lãnh_tụ một vị tổng_thống hay một vị vua hiền nào ngày trước lại sống đến mức giản_dị và tiết_chế như_vậy Bất_giác ta nghĩ đến các vị hiền_triết ngày_xưa như Nguyễn_Trãi ở Côn_Sơn hay Nguyễn_Bỉnh_Khiêm sống ở quê nhà với những thú quê thuần đức Thu ăn măng trúc đông ăn_giá Xuân tắm hồ_sen hạ tắm ao Nếp sống giản_dị và thanh_đạm của Bác_Hồ cũng như các vị danh_nho xưa hoàn_toàn không phải là một_cách tự thần_thánh_hoá tự làm cho khác đời hơn đời mà đây là lối sống thanh_cao một_cách di_dưỡng tinh_thần một quan_niệm thẩm_mĩ về cuộc_sống có khả_năng đem lại hạnh_phúc thanh_cao cho tâm_hồn và thể_xác SGK Ngữ_văn 9 tập một Từ Hán_Việt nào dưới đây không được nhắc tới trong đoạn trích trên,Tiết_chế,0.9699535369873047,0.9880384206771851,0.9419658184051514,0.020070241764187813,0.04607260227203369
52,Đọc đoạn trích sau và trả_lời các câu hỏi 1 Có_thể nói ít có vị lãnh_tụ nào lại am_hiểu nhiều về các dân_tộc và nhân_dân thế_giới văn_hoá thế_giới sâu_sắc như Chủ_tịch Hồ_Chí_Minh 2 Đến đâu Người cũng học_hỏi tìm_hiểu văn_hoá nghệ_thuật đến một mức khá uyên_thâm 3 Người cũng chịu ảnh_hưởng của tất_cả các nền văn_hoá đã tiếp_thu mọi cái đẹp và cái hay đồng_thời với việc phê_phán những tiêu_cực của chủ_nghĩa_tư_bản 4 Nhưng điều kì_lạ là tất_cả những ảnh_hưởng quốc_tế đó đã nhào_nặn với cái gốc văn_hoá dân_tộc không gì lay_chuyển được ở Người để trở_thành một nhân_cách rất Việt_Nam một lối sống rất bình_dị rất Việt_Nam rất phương Đông nhưng cũng đồng_thời rất mới rất hiện_đại Trích_Phong cách Hồ_Chí_Minh Lê_Anh_Trà_SGK Ngữ_văn 9 tập một Xác_định thể_loại của văn_bản Phong_cách Hồ_Chí_Minh,Văn_bản nhật_dụng,0.8834338188171387,0.9753361940383911,0.8371808528900146,0.06498528271913528,0.13815534114837646
53,Đọc đoạn trích sau và trả_lời các câu hỏi 1 Có_thể nói ít có vị lãnh_tụ nào lại am_hiểu nhiều về các dân_tộc và nhân_dân thế_giới văn_hoá thế_giới sâu_sắc như Chủ_tịch Hồ_Chí_Minh 2 Đến đâu Người cũng học_hỏi tìm_hiểu văn_hoá nghệ_thuật đến một mức khá uyên_thâm 3 Người cũng chịu ảnh_hưởng của tất_cả các nền văn_hoá đã tiếp_thu mọi cái đẹp và cái hay đồng_thời với việc phê_phán những tiêu_cực của chủ_nghĩa_tư_bản 4 Nhưng điều kì_lạ là tất_cả những ảnh_hưởng quốc_tế đó đã nhào_nặn với cái gốc văn_hoá dân_tộc không gì lay_chuyển được ở Người để trở_thành một nhân_cách rất Việt_Nam một lối sống rất bình_dị rất Việt_Nam rất phương Đông nhưng cũng đồng_thời rất mới rất hiện_đại Trích_Phong cách Hồ_Chí_Minh Lê_Anh_Trà_SGK Ngữ_văn 9 tập một Biện_pháp tu_từ nổi_bật trong đoạn văn trên là,Điệp từ liệt_kê,0.9805321097373962,0.9921386241912842,0.9745826125144958,0.008207941427826881,0.01755601167678833
54,Đọc đoạn trích sau và trả_lời các câu hỏi 1 Có_thể nói ít có vị lãnh_tụ nào lại am_hiểu nhiều về các dân_tộc và nhân_dân thế_giới văn_hoá thế_giới sâu_sắc như Chủ_tịch Hồ_Chí_Minh 2 Đến đâu Người cũng học_hỏi tìm_hiểu văn_hoá nghệ_thuật đến một mức khá uyên_thâm 3 Người cũng chịu ảnh_hưởng của tất_cả các nền văn_hoá đã tiếp_thu mọi cái đẹp và cái hay đồng_thời với việc phê_phán những tiêu_cực của chủ_nghĩa_tư_bản 4 Nhưng điều kì_lạ là tất_cả những ảnh_hưởng quốc_tế đó đã nhào_nặn với cái gốc văn_hoá dân_tộc không gì lay_chuyển được ở Người để trở_thành một nhân_cách rất Việt_Nam một lối sống rất bình_dị rất Việt_Nam rất phương Đông nhưng cũng đồng_thời rất mới rất hiện_đại Trích_Phong cách Hồ_Chí_Minh Lê_Anh_Trà_SGK Ngữ_văn 9 tập một Ở phần trích trên tác_giả đã cho thấy vẻ đẹp của phong_cách Hồ_Chí_Minh được kết_hợp hài_hoà bởi những yếu_tố nào,Lai_tạo văn_hoá của các nước phương Tây,0.8418774604797363,0.8631494045257568,0.8310986757278442,0.015041946433484554,0.0320507287979126
55,Đọc đoạn trích sau và trả_lời các câu hỏi 1 Có_thể nói ít có vị lãnh_tụ nào lại am_hiểu nhiều về các dân_tộc và nhân_dân thế_giới văn_hoá thế_giới sâu_sắc như Chủ_tịch Hồ_Chí_Minh 2 Đến đâu Người cũng học_hỏi tìm_hiểu văn_hoá nghệ_thuật đến một mức khá uyên_thâm 3 Người cũng chịu ảnh_hưởng của tất_cả các nền văn_hoá đã tiếp_thu mọi cái đẹp và cái hay đồng_thời với việc phê_phán những tiêu_cực của chủ_nghĩa_tư_bản 4 Nhưng điều kì_lạ là tất_cả những ảnh_hưởng quốc_tế đó đã nhào_nặn với cái gốc văn_hoá dân_tộc không gì lay_chuyển được ở Người để trở_thành một nhân_cách rất Việt_Nam một lối sống rất bình_dị rất Việt_Nam rất phương Đông nhưng cũng đồng_thời rất mới rất hiện_đại Trích_Phong cách Hồ_Chí_Minh Lê_Anh_Trà_SGK Ngữ_văn 9 tập một Phép liên_kết được sử_dụng trong câu 1 và 2 là,Phép lặp,0.9942681193351746,0.9965010285377502,0.9899904131889343,0.0030257697217166424,0.006510615348815918
56,Đọc đoạn trích sau và trả_lời các câu hỏi 1 Có_thể nói ít có vị lãnh_tụ nào lại am_hiểu nhiều về các dân_tộc và nhân_dân thế_giới văn_hoá thế_giới sâu_sắc như Chủ_tịch Hồ_Chí_Minh 2 Đến đâu Người cũng học_hỏi tìm_hiểu văn_hoá nghệ_thuật đến một mức khá uyên_thâm 3 Người cũng chịu ảnh_hưởng của tất_cả các nền văn_hoá đã tiếp_thu mọi cái đẹp và cái hay đồng_thời với việc phê_phán những tiêu_cực của chủ_nghĩa_tư_bản 4 Nhưng điều kì_lạ là tất_cả những ảnh_hưởng quốc_tế đó đã nhào_nặn với cái gốc văn_hoá dân_tộc không gì lay_chuyển được ở Người để trở_thành một nhân_cách rất Việt_Nam một lối sống rất bình_dị rất Việt_Nam rất phương Đông nhưng cũng đồng_thời rất mới rất hiện_đại Trích_Phong cách Hồ_Chí_Minh Lê_Anh_Trà_SGK Ngữ_văn 9 tập một Đoạn trích trên gửi_gắm bài_học nào cho giới trẻ hiện_nay,Tiếp_thu văn_hoá mới có chọn_lọc và giữ_gìn văn_hoá truyền_thống,0.9858519434928894,0.9953681230545044,0.9731804132461548,0.009328817017376423,0.02218770980834961
57,Đọc đoạn trích sau và trả_lời các câu hỏi Trong cuộc_đời đầy truân_chuyên của mình chủ_tịch Hồ_Chí_Minh đã tiếp_xúc với văn_hoá nhiều nước nhiều vùng trên thế_giới cả phương Đông và phương Tây_Trên những con tàu vượt trùng_dương Người đã ghé lại nhiều hải_cảng đã thăm các nước châu_Phi châu_Á_châu Mĩ_Người đã sống dài ngày ở Pháp ở Anh Người nói và viết thạo nhiều thứ tiếng ngoại_quốc Pháp Anh_Hoa Nga và Người đã làm nhiều nghề Có_thể nói ít có vị lãnh_tụ nào lại am_hiểu nhiều về các dân_tộc và nhân_dân thế_giới văn_hoá thế_giới sâu_sắc như chủ_tịch Hồ_Chí_Minh Đến đâu Người cũng học_hỏi và tìm_hiểu văn_hoá nghệ_thuật đến một mức khá uyên_thâm Người cũng chịu ảnh_hưởng tất_cả các nền văn_hoá đã tiếp_thu mọi cái đẹp và cái hay đồng_thời với việc phê_phán những tiêu_cực Nhưng điều kì_lạ là tất_cả những ảnh_hưởng quốc_tế đó đã nhào_nặn với cái gốc văn_hoá không gì lay_chuyển được ở Người để trở_thành một nhân_cách rất Việt_Nam một lối sống rất bình_dị rất Việt_Nam rất phương Đông nhưng đồng_thời cũng rất mới rất hiện_đại Phong_cách Hồ_Chí_Minh Lê_Anh_Trà in trong cuốn Hồ_Chí_Minh và văn_hoá Việt_Nam 1990 Theo quan_điểm của tác_giả đoạn trích nét phong_cách nổi_bật của Hồ_Chí_Minh là gì,Hiện_đại tối_tân,0.9781811833381653,0.9897118806838989,0.9613910913467407,0.012145315296947956,0.028320789337158203
58,Đọc đoạn trích sau và trả_lời các câu hỏi Trong cuộc_đời đầy truân_chuyên của mình chủ_tịch Hồ_Chí_Minh đã tiếp_xúc với văn_hoá nhiều nước nhiều vùng trên thế_giới cả phương Đông và phương Tây_Trên những con tàu vượt trùng_dương Người đã ghé lại nhiều hải_cảng đã thăm các nước châu_Phi châu_Á_châu Mĩ_Người đã sống dài ngày ở Pháp ở Anh Người nói và viết thạo nhiều thứ tiếng ngoại_quốc Pháp Anh_Hoa Nga và Người đã làm nhiều nghề Có_thể nói ít có vị lãnh_tụ nào lại am_hiểu nhiều về các dân_tộc và nhân_dân thế_giới văn_hoá thế_giới sâu_sắc như chủ_tịch Hồ_Chí_Minh Đến đâu Người cũng học_hỏi và tìm_hiểu văn_hoá nghệ_thuật đến một mức khá uyên_thâm Người cũng chịu ảnh_hưởng tất_cả các nền văn_hoá đã tiếp_thu mọi cái đẹp và cái hay đồng_thời với việc phê_phán những tiêu_cực Nhưng điều kì_lạ là tất_cả những ảnh_hưởng quốc_tế đó đã nhào_nặn với cái gốc văn_hoá không gì lay_chuyển được ở Người để trở_thành một nhân_cách rất Việt_Nam một lối sống rất bình_dị rất Việt_Nam rất phương Đông nhưng đồng_thời cũng rất mới rất hiện_đại Phong_cách Hồ_Chí_Minh Lê_Anh_Trà in trong cuốn Hồ_Chí_Minh và văn_hoá Việt_Nam 1990 Phương_thức biểu_đạt chính của đoạn trích trên là,Nghị_luận,0.9937527179718018,0.9968109726905823,0.9879387617111206,0.004112929571419954,0.00887221097946167
61,Đọc đoạn trích sau và trả_lời các câu hỏi Trong cuộc_đời đầy truân_chuyên của mình chủ_tịch Hồ_Chí_Minh đã tiếp_xúc với văn_hoá nhiều nước nhiều vùng trên thế_giới cả phương Đông và phương Tây_Trên những con tàu vượt trùng_dương Người đã ghé lại nhiều hải_cảng đã thăm các nước châu_Phi châu_Á_châu Mĩ_Người đã sống dài ngày ở Pháp ở Anh Người nói và viết thạo nhiều thứ tiếng ngoại_quốc Pháp Anh_Hoa Nga và Người đã làm nhiều nghề Có_thể nói ít có vị lãnh_tụ nào lại am_hiểu nhiều về các dân_tộc và nhân_dân thế_giới văn_hoá thế_giới sâu_sắc như chủ_tịch Hồ_Chí_Minh Đến đâu Người cũng học_hỏi và tìm_hiểu văn_hoá nghệ_thuật đến một mức khá uyên_thâm Người cũng chịu ảnh_hưởng tất_cả các nền văn_hoá đã tiếp_thu mọi cái đẹp và cái hay đồng_thời với việc phê_phán những tiêu_cực Nhưng điều kì_lạ là tất_cả những ảnh_hưởng quốc_tế đó đã nhào_nặn với cái gốc văn_hoá không gì lay_chuyển được ở Người để trở_thành một nhân_cách rất Việt_Nam một lối sống rất bình_dị rất Việt_Nam rất phương Đông nhưng đồng_thời cũng rất mới rất hiện_đại Phong_cách Hồ_Chí_Minh Lê_Anh_Trà in trong cuốn Hồ_Chí_Minh và văn_hoá Việt_Nam 1990 Qua đoạn trích trên em học_tập được những gì từ cách tiếp_thu văn_hoá các nước của Bác,Không dung_nạp cái ngoại_lai,0.9901037812232971,0.9952791929244995,0.9838088154792786,0.004749201703816652,0.011470377445220947
